model,DP,DP + Ours
seed 7,76,80
seed 8,76,90
seed 9,72,76
average,74.66666667,78.66666667
